threads,time
1,44.86989188862324
2,44.8479532660716
3,43.87565281119455
4,43.4611507988184
5,40.08226846901149
6,38.99376178932798
7,38.197817978878746
8,36.13094519886273
9,35.82098079748769
10,36.5062902609415
11,36.608786161267076
12,36.80085971301983
13,37.54859629849202
14,37.76223483533256
15,38.74572274197038
16,38.75112342324113
17,39.07034176233549
18,40.18128017797226
19,41.00268082856359
20,41.47978983851506